Name,Genre,Year od release
혼례대첩,"로맨스, 코미디, 판타지, 역사, 정치",2015
진짜가 나타났다,"로맨스, 코미디, 가족",2015
"어쩌다 마추친, 그대","판타지, 추리, 미스터리, 스릴러, 서스펜스, 누아르, 가족, 휴먼, 로맨스, 드라마",2015
오아시스,"역사, 로맨스",2015
가슴이 뚼다,"판타지, 로맨스, 코미디",2015
비밀의여자,"범죄, 서스펜스, 복수, 막장, 로맨스, 미스터리, 스릴러, 누아르, 드라마, 다크 판타지, 피카레스크",2015
태풍의 신부,"복수, 범죄, 스릴러, 로맨스, 드라마, 로맨스, 막장, 누아르, 블랙코미디, 피카레스크",2015
두뇌공조,"코미디, 범죄",2015
삼남매는 용감하게,"로맨스, 가족, 코미디",2015
내눈에 콩깍지,드라마,2015
순정복서,"스포츠, 청춘, 로맨스, 코미디",2015
금이야 옥이야,드라마,2015
황금가면,드라마,2015
진검승부,"법정, 액션, 범죄, 코미디",2015
당신이 소원을 말하면,"휴먼, 로맨스",2015
현재는 아름다워,가족,2015
징크스의 연인,"판타지, 로맨스, 코미디",2015
신사와 아가씨,"로맨스, 코미디, 가족",2015
꽃 피면 달 생각하고,"역사, 로맨스, 블랙코미디",2015
우아한 제국,"드라마, 복수, 범죄, 스릴러, 미스터리, 로맨스, 막장",2016
고려거란 전쟁,"역사, 전쟁, 드라마, 액션, 정치",2016
멱살 한번 잡힙시다,"범죄, 로맨스, 스릴러, 미스터리",2016
붉은 단심,"사극, 로맨스, 정치",2016
환상 연가,"판타지, 역사, 로맨스",2016
경찰 수업,"청춘, 범죄, 코미디, 형사",2016
이미테이션,"음악, 로맨스",2017
달이 뜨는강,역사,2017
바람피면 죽는다,"코미디, 미스터리, 스릴러",2017
비밀의남자,"막장, 드라마",2017
안녕 나야,"판타지, 로맨스, 코미디, 드라마",2017
대박 부동산,"퇴마, 다크 판타지, 드라마, 코미디",2017
미스 몬테크리스토,드라마,2017
달려와 감자탕,"로맨스, 코미디",2017
오월의 청춘,"드라마, 휴먼, 로맨스",2017
멀리서 보면 푸른봄,"청춘, 드라마, 코미디",2017
연모,"판타지, 역사, 로맨스, 드라마",2017
기막힌 유산,드라마,2017
좀비탐정,"휴먼, 코미디",2017
한번 다녀왔습니다,드라마,2018
사랑은 뷰티풀 인생은원더풀,드라마,2018
그놈이 그놈이다,"로맨스, 코미디",2018
도도솔솔라라솔,"로맨스, 코미디",2018
슈츠,법정물,2018
저글러스,"로맨스, 코미디, 오피스",2018
러블리 호러블리,"호러, 로맨스, 코미디",2019
미워도 사랑해,"가족, 로맨스",2020
라디오 로맨스,드라마,2020
우리가 만난 기적,"판타지, 휴먼, 로맨스",2020
같이 살래요,드라마,2020
땐뽀걸즈,"청춘, 드라마",2020
매드독,"범죄, 스릴러",2020
마녀의 법정,"미스터리, 범죄, 법정, 추리",2020
고백부부,드라마,2021
무궁화 꽃이 피었습니다,드라마,2021
아버지가 이상해,드라마,2021
최강 배달꾼,로맨스,2021
이름 없는 여자,"범죄, 복수, 서스펜스, 피카레스크",2021
쌈 마이웨이,"로맨스, 코미디, 청춘",2021
오 마이 금비,드라마,2021
완벽한 아내,"막장, 드라마, 미스터리",2021
7일의 왕비,"판타지, 역사, 로맨스",2021
최고의 한방,"로맨스, 코미디",2021
빛나라 은수,드라마,2021
구르미 그린 달빛,"판타지, 역사, 로맨스",2021
함부로 애틋하게,로맨스,2022
태양의 후예,"밀리터리, 드라마, 로맨스, 코미디, 액션, 의학, 휴먼, 정치",2022
우리집 꿀단지,가족,2022
"부탁해요,엄마",드라마,2022
오마이비너스,드라마,2022
동네 변호사 조들호,법정,2022
발칙하게 고고,학원물,2022
어셈블리,정치,2022
너를 기억해,"수사, 로맨스",2022
징비록,역사,2022
블러드,드라마,2023
스파이,스릴러,2023
달콤한 비밀,드라마,2023
당신만이 내사랑,드라마,2023
착하지않은 여자들,"가족, 요리, 막장, 로맨스, 코미디",2023
힐러,"액션, 스릴러, 로맨스, 멜로",2023
왕의 얼굴,"판타지, 역사",2023
프로듀사,드라마,2023
오렌지 마말레이드,"판타지, 로맨스",2023
파랑새의 집,드라마,2023
가족을 지켜라,드라마,2024
별난 며느리,드라마,2024
